input,output
0.png,0.jpg
100.png,100.jpg
101.png,101.jpg
102.png,102.jpg
103.png,103.jpg
104.png,104.jpg
105.png,105.jpg
106.png,106.jpg
107.png,107.jpg
108.png,108.jpg
109.png,109.jpg
10.png,10.jpg
110.png,110.jpg
111.png,111.jpg
112.png,112.jpg
113.png,113.jpg
114.png,114.jpg
115.png,115.jpg
116.png,116.jpg
117.png,117.jpg
118.png,118.jpg
119.png,119.jpg
11.png,11.jpg
120.png,120.jpg
121.png,121.jpg
122.png,122.jpg
123.png,123.jpg
124.png,124.jpg
125.png,125.jpg
126.png,126.jpg
127.png,127.jpg
128.png,128.jpg
129.png,129.jpg
12.png,12.jpg
130.png,130.jpg
131.png,131.jpg
132.png,132.jpg
133.png,133.jpg
134.png,134.jpg
135.png,135.jpg
136.png,136.jpg
137.png,137.jpg
138.png,138.jpg
139.png,139.jpg
13.png,13.jpg
140.png,140.jpg
141.png,141.jpg
142.png,142.jpg
143.png,143.jpg
144.png,144.jpg
145.png,145.jpg
146.png,146.jpg
147.png,147.jpg
148.png,148.jpg
149.png,149.jpg
14.png,14.jpg
150.png,150.jpg
151.png,151.jpg
152.png,152.jpg
153.png,153.jpg
154.png,154.jpg
155.png,155.jpg
156.png,156.jpg
157.png,157.jpg
158.png,158.jpg
159.png,159.jpg
15.png,15.jpg
160.png,160.jpg
161.png,161.jpg
162.png,162.jpg
163.png,163.jpg
164.png,164.jpg
165.png,165.jpg
166.png,166.jpg
167.png,167.jpg
168.png,168.jpg
169.png,169.jpg
16.png,16.jpg
170.png,170.jpg
171.png,171.jpg
172.png,172.jpg
173.png,173.jpg
174.png,174.jpg
175.png,175.jpg
176.png,176.jpg
177.png,177.jpg
178.png,178.jpg
179.png,179.jpg
17.png,17.jpg
180.png,180.jpg
181.png,181.jpg
182.png,182.jpg
183.png,183.jpg
184.png,184.jpg
185.png,185.jpg
186.png,186.jpg
187.png,187.jpg
188.png,188.jpg
189.png,189.jpg
18.png,18.jpg
190.png,190.jpg
191.png,191.jpg
192.png,192.jpg
193.png,193.jpg
194.png,194.jpg
195.png,195.jpg
196.png,196.jpg
197.png,197.jpg
198.png,198.jpg
199.png,199.jpg
19.png,19.jpg
1.png,1.jpg
200.png,200.jpg
201.png,201.jpg
202.png,202.jpg
203.png,203.jpg
204.png,204.jpg
205.png,205.jpg
206.png,206.jpg
207.png,207.jpg
208.png,208.jpg
209.png,209.jpg
20.png,20.jpg
210.png,210.jpg
211.png,211.jpg
212.png,212.jpg
213.png,213.jpg
214.png,214.jpg
215.png,215.jpg
216.png,216.jpg
217.png,217.jpg
218.png,218.jpg
219.png,219.jpg
21.png,21.jpg
220.png,220.jpg
221.png,221.jpg
222.png,222.jpg
223.png,223.jpg
224.png,224.jpg
225.png,225.jpg
226.png,226.jpg
227.png,227.jpg
228.png,228.jpg
229.png,229.jpg
22.png,22.jpg
230.png,230.jpg
231.png,231.jpg
232.png,232.jpg
233.png,233.jpg
234.png,234.jpg
235.png,235.jpg
236.png,236.jpg
237.png,237.jpg
238.png,238.jpg
239.png,239.jpg
23.png,23.jpg
240.png,240.jpg
241.png,241.jpg
242.png,242.jpg
243.png,243.jpg
244.png,244.jpg
245.png,245.jpg
246.png,246.jpg
247.png,247.jpg
248.png,248.jpg
249.png,249.jpg
24.png,24.jpg
250.png,250.jpg
251.png,251.jpg
252.png,252.jpg
253.png,253.jpg
254.png,254.jpg
255.png,255.jpg
256.png,256.jpg
257.png,257.jpg
258.png,258.jpg
259.png,259.jpg
25.png,25.jpg
260.png,260.jpg
261.png,261.jpg
262.png,262.jpg
263.png,263.jpg
264.png,264.jpg
265.png,265.jpg
266.png,266.jpg
267.png,267.jpg
268.png,268.jpg
269.png,269.jpg
26.png,26.jpg
270.png,270.jpg
271.png,271.jpg
272.png,272.jpg
273.png,273.jpg
274.png,274.jpg
275.png,275.jpg
276.png,276.jpg
277.png,277.jpg
278.png,278.jpg
279.png,279.jpg
27.png,27.jpg
280.png,280.jpg
281.png,281.jpg
282.png,282.jpg
283.png,283.jpg
284.png,284.jpg
285.png,285.jpg
286.png,286.jpg
287.png,287.jpg
288.png,288.jpg
289.png,289.jpg
28.png,28.jpg
290.png,290.jpg
291.png,291.jpg
292.png,292.jpg
293.png,293.jpg
294.png,294.jpg
295.png,295.jpg
296.png,296.jpg
297.png,297.jpg
298.png,298.jpg
299.png,299.jpg
29.png,29.jpg
2.png,2.jpg
300.png,300.jpg
301.png,301.jpg
302.png,302.jpg
303.png,303.jpg
304.png,304.jpg
305.png,305.jpg
306.png,306.jpg
307.png,307.jpg
308.png,308.jpg
309.png,309.jpg
30.png,30.jpg
310.png,310.jpg
311.png,311.jpg
312.png,312.jpg
313.png,313.jpg
314.png,314.jpg
315.png,315.jpg
316.png,316.jpg
317.png,317.jpg
318.png,318.jpg
319.png,319.jpg
31.png,31.jpg
320.png,320.jpg
321.png,321.jpg
322.png,322.jpg
323.png,323.jpg
324.png,324.jpg
325.png,325.jpg
326.png,326.jpg
327.png,327.jpg
328.png,328.jpg
329.png,329.jpg
32.png,32.jpg
330.png,330.jpg
331.png,331.jpg
332.png,332.jpg
333.png,333.jpg
334.png,334.jpg
335.png,335.jpg
336.png,336.jpg
337.png,337.jpg
338.png,338.jpg
339.png,339.jpg
33.png,33.jpg
340.png,340.jpg
341.png,341.jpg
342.png,342.jpg
343.png,343.jpg
344.png,344.jpg
345.png,345.jpg
346.png,346.jpg
347.png,347.jpg
348.png,348.jpg
349.png,349.jpg
34.png,34.jpg
350.png,350.jpg
351.png,351.jpg
352.png,352.jpg
353.png,353.jpg
354.png,354.jpg
355.png,355.jpg
356.png,356.jpg
357.png,357.jpg
358.png,358.jpg
359.png,359.jpg
35.png,35.jpg
360.png,360.jpg
361.png,361.jpg
362.png,362.jpg
363.png,363.jpg
364.png,364.jpg
365.png,365.jpg
366.png,366.jpg
367.png,367.jpg
368.png,368.jpg
369.png,369.jpg
36.png,36.jpg
370.png,370.jpg
371.png,371.jpg
372.png,372.jpg
373.png,373.jpg
374.png,374.jpg
375.png,375.jpg
376.png,376.jpg
377.png,377.jpg
378.png,378.jpg
379.png,379.jpg
37.png,37.jpg
380.png,380.jpg
381.png,381.jpg
382.png,382.jpg
383.png,383.jpg
384.png,384.jpg
385.png,385.jpg
386.png,386.jpg
387.png,387.jpg
388.png,388.jpg
389.png,389.jpg
38.png,38.jpg
390.png,390.jpg
391.png,391.jpg
392.png,392.jpg
393.png,393.jpg
394.png,394.jpg
395.png,395.jpg
396.png,396.jpg
397.png,397.jpg
398.png,398.jpg
399.png,399.jpg
39.png,39.jpg
3.png,3.jpg
400.png,400.jpg
401.png,401.jpg
402.png,402.jpg
403.png,403.jpg
404.png,404.jpg
405.png,405.jpg
406.png,406.jpg
407.png,407.jpg
408.png,408.jpg
409.png,409.jpg
40.png,40.jpg
410.png,410.jpg
411.png,411.jpg
412.png,412.jpg
413.png,413.jpg
414.png,414.jpg
415.png,415.jpg
416.png,416.jpg
417.png,417.jpg
418.png,418.jpg
419.png,419.jpg
41.png,41.jpg
420.png,420.jpg
421.png,421.jpg
422.png,422.jpg
423.png,423.jpg
424.png,424.jpg
425.png,425.jpg
426.png,426.jpg
427.png,427.jpg
428.png,428.jpg
429.png,429.jpg
42.png,42.jpg
430.png,430.jpg
431.png,431.jpg
432.png,432.jpg
433.png,433.jpg
434.png,434.jpg
435.png,435.jpg
436.png,436.jpg
437.png,437.jpg
438.png,438.jpg
439.png,439.jpg
43.png,43.jpg
440.png,440.jpg
441.png,441.jpg
442.png,442.jpg
443.png,443.jpg
444.png,444.jpg
445.png,445.jpg
446.png,446.jpg
447.png,447.jpg
448.png,448.jpg
449.png,449.jpg
44.png,44.jpg
450.png,450.jpg
451.png,451.jpg
452.png,452.jpg
453.png,453.jpg
454.png,454.jpg
455.png,455.jpg
456.png,456.jpg
457.png,457.jpg
458.png,458.jpg
459.png,459.jpg
45.png,45.jpg
460.png,460.jpg
461.png,461.jpg
462.png,462.jpg
463.png,463.jpg
464.png,464.jpg
465.png,465.jpg
466.png,466.jpg
467.png,467.jpg
468.png,468.jpg
469.png,469.jpg
46.png,46.jpg
470.png,470.jpg
471.png,471.jpg
472.png,472.jpg
473.png,473.jpg
474.png,474.jpg
475.png,475.jpg
476.png,476.jpg
477.png,477.jpg
478.png,478.jpg
479.png,479.jpg
47.png,47.jpg
480.png,480.jpg
481.png,481.jpg
482.png,482.jpg
483.png,483.jpg
484.png,484.jpg
485.png,485.jpg
486.png,486.jpg
487.png,487.jpg
488.png,488.jpg
489.png,489.jpg
48.png,48.jpg
490.png,490.jpg
491.png,491.jpg
492.png,492.jpg
493.png,493.jpg
494.png,494.jpg
495.png,495.jpg
496.png,496.jpg
497.png,497.jpg
498.png,498.jpg
499.png,499.jpg
49.png,49.jpg
4.png,4.jpg
500.png,500.jpg
501.png,501.jpg
502.png,502.jpg
503.png,503.jpg
504.png,504.jpg
505.png,505.jpg
506.png,506.jpg
507.png,507.jpg
508.png,508.jpg
509.png,509.jpg
50.png,50.jpg
510.png,510.jpg
511.png,511.jpg
512.png,512.jpg
513.png,513.jpg
514.png,514.jpg
515.png,515.jpg
516.png,516.jpg
517.png,517.jpg
518.png,518.jpg
519.png,519.jpg
51.png,51.jpg
520.png,520.jpg
521.png,521.jpg
522.png,522.jpg
523.png,523.jpg
524.png,524.jpg
525.png,525.jpg
526.png,526.jpg
527.png,527.jpg
528.png,528.jpg
529.png,529.jpg
52.png,52.jpg
530.png,530.jpg
531.png,531.jpg
532.png,532.jpg
533.png,533.jpg
534.png,534.jpg
535.png,535.jpg
536.png,536.jpg
537.png,537.jpg
538.png,538.jpg
539.png,539.jpg
53.png,53.jpg
540.png,540.jpg
541.png,541.jpg
542.png,542.jpg
543.png,543.jpg
544.png,544.jpg
545.png,545.jpg
546.png,546.jpg
547.png,547.jpg
548.png,548.jpg
549.png,549.jpg
54.png,54.jpg
550.png,550.jpg
551.png,551.jpg
552.png,552.jpg
553.png,553.jpg
554.png,554.jpg
555.png,555.jpg
556.png,556.jpg
557.png,557.jpg
558.png,558.jpg
559.png,559.jpg
55.png,55.jpg
560.png,560.jpg
561.png,561.jpg
562.png,562.jpg
563.png,563.jpg
564.png,564.jpg
565.png,565.jpg
566.png,566.jpg
567.png,567.jpg
568.png,568.jpg
569.png,569.jpg
56.png,56.jpg
570.png,570.jpg
571.png,571.jpg
572.png,572.jpg
573.png,573.jpg
574.png,574.jpg
575.png,575.jpg
576.png,576.jpg
577.png,577.jpg
578.png,578.jpg
579.png,579.jpg
57.png,57.jpg
580.png,580.jpg
581.png,581.jpg
582.png,582.jpg
583.png,583.jpg
584.png,584.jpg
585.png,585.jpg
586.png,586.jpg
587.png,587.jpg
588.png,588.jpg
589.png,589.jpg
58.png,58.jpg
590.png,590.jpg
591.png,591.jpg
592.png,592.jpg
593.png,593.jpg
594.png,594.jpg
595.png,595.jpg
596.png,596.jpg
597.png,597.jpg
598.png,598.jpg
599.png,599.jpg
59.png,59.jpg
5.png,5.jpg
600.png,600.jpg
601.png,601.jpg
602.png,602.jpg
603.png,603.jpg
604.png,604.jpg
605.png,605.jpg
60.png,60.jpg
61.png,61.jpg
62.png,62.jpg
63.png,63.jpg
64.png,64.jpg
65.png,65.jpg
66.png,66.jpg
67.png,67.jpg
68.png,68.jpg
69.png,69.jpg
6.png,6.jpg
70.png,70.jpg
71.png,71.jpg
72.png,72.jpg
73.png,73.jpg
74.png,74.jpg
75.png,75.jpg
76.png,76.jpg
77.png,77.jpg
78.png,78.jpg
79.png,79.jpg
7.png,7.jpg
80.png,80.jpg
81.png,81.jpg
82.png,82.jpg
83.png,83.jpg
84.png,84.jpg
85.png,85.jpg
86.png,86.jpg
87.png,87.jpg
88.png,88.jpg
89.png,89.jpg
8.png,8.jpg
90.png,90.jpg
91.png,91.jpg
92.png,92.jpg
93.png,93.jpg
94.png,94.jpg
95.png,95.jpg
96.png,96.jpg
97.png,97.jpg
98.png,98.jpg
99.png,99.jpg
9.png,9.jpg
